{
  "faceSize": 32,
  "generatedAt": "2026-04-26T14:11:48.591Z",
  "mazeId": "entrance",
  "probeCount": 9,
  "probes": [
    {
      "coefficients": [
        [
          0.5937159526663836,
          0.12988384984362314,
          0.0076386467162997415
        ],
        [
          0.032802556045062554,
          0.006843822625658155,
          0
        ],
        [
          -0.032908491570731266,
          -0.006865924682169743,
          0
        ],
        [
          -0.9872547471219414,
          -0.20597774046509304,
          0
        ]
      ],
      "index": 0,
      "processedCubeUvRgbE": "entrance/reflection-probes/probe-000-processed-cubeuv-rgbe.png",
      "textureHeight": 128,
      "textureWidth": 336
    },
    {
      "coefficients": [
        [
          0.14827496924859698,
          0.03749505648184655,
          0.008333069145054264
        ],
        [
          0,
          0,
          0
        ],
        [
          -0.0028355516972905603,
          -0.000591600631227685,
          0
        ],
        [
          -0.08506655091871711,
          -0.01774801893683061,
          0
        ]
      ],
      "index": 1,
      "processedCubeUvRgbE": "entrance/reflection-probes/probe-001-processed-cubeuv-rgbe.png",
      "textureHeight": 128,
      "textureWidth": 336
    },
    {
      "coefficients": [
        [
          0.5937159526663834,
          0.12988384984362314,
          0.0076386467162997415
        ],
        [
          -0.032802556045062554,
          -0.006843822625658155,
          0
        ],
        [
          -0.032908491570731266,
          -0.006865924682169743,
          0
        ],
        [
          -0.9872547471219414,
          -0.20597774046509304,
          0
        ]
      ],
      "index": 2,
      "processedCubeUvRgbE": "entrance/reflection-probes/probe-002-processed-cubeuv-rgbe.png",
      "textureHeight": 128,
      "textureWidth": 336
    },
    {
      "coefficients": [
        [
          0.06413432475104187,
          0.019940215762764748,
          0.008333069145054264
        ],
        [
          0.019331776906456894,
          0.004033321427904391,
          0
        ],
        [
          -0.0007852535628319257,
          -0.00016383284561133238,
          0
        ],
        [
          -0.08637789191151213,
          -0.018021613017246627,
          0
        ]
      ],
      "index": 3,
      "processedCubeUvRgbE": "entrance/reflection-probes/probe-003-processed-cubeuv-rgbe.png",
      "textureHeight": 128,
      "textureWidth": 336
    },
    {
      "coefficients": [
        [
          0.06429227306702129,
          0.020519788853262767,
          0.009027491573808786
        ],
        [
          0,
          0,
          0
        ],
        [
          -0.000702940049473651,
          -0.00014665921181447557,
          0
        ],
        [
          -0.07732340544210188,
          -0.01613251329959237,
          0
        ]
      ],
      "index": 4,
      "processedCubeUvRgbE": "entrance/reflection-probes/probe-004-processed-cubeuv-rgbe.png",
      "textureHeight": 128,
      "textureWidth": 336
    },
    {
      "coefficients": [
        [
          0.06413432475104187,
          0.01994021576276475,
          0.008333069145054264
        ],
        [
          -0.019331776906456894,
          -0.004033321427904391,
          0
        ],
        [
          -0.0007852535628319257,
          -0.00016383284561133238,
          0
        ],
        [
          -0.08637789191151213,
          -0.018021613017246627,
          0
        ]
      ],
      "index": 5,
      "processedCubeUvRgbE": "entrance/reflection-probes/probe-005-processed-cubeuv-rgbe.png",
      "textureHeight": 128,
      "textureWidth": 336
    },
    {
      "coefficients": [
        [
          0.030112820056037007,
          0.012295456257718742,
          0.0076386467162997415
        ],
        [
          0.009233423920834056,
          0.0019264326674691867,
          0
        ],
        [
          -0.00018665322911714955,
          -0.000038942745523527015,
          0
        ],
        [
          -0.035464113532258534,
          -0.007399121649470158,
          0
        ]
      ],
      "index": 6,
      "processedCubeUvRgbE": "entrance/reflection-probes/probe-006-processed-cubeuv-rgbe.png",
      "textureHeight": 128,
      "textureWidth": 336
    },
    {
      "coefficients": [
        [
          0.033120088308942225,
          0.014016121790078242,
          0.009027491573808786
        ],
        [
          0,
          0,
          0
        ],
        [
          -0.00020188886635832737,
          -0.000042121461192033204,
          0
        ],
        [
          -0.03835888460808233,
          -0.008003077626486334,
          0
        ]
      ],
      "index": 7,
      "processedCubeUvRgbE": "entrance/reflection-probes/probe-007-processed-cubeuv-rgbe.png",
      "textureHeight": 128,
      "textureWidth": 336
    },
    {
      "coefficients": [
        [
          0.030112820056037007,
          0.012295456257718742,
          0.0076386467162997415
        ],
        [
          -0.009233423920834056,
          -0.0019264326674691867,
          0
        ],
        [
          -0.00018665322911714955,
          -0.000038942745523527015,
          0
        ],
        [
          -0.035464113532258534,
          -0.007399121649470158,
          0
        ]
      ],
      "index": 8,
      "processedCubeUvRgbE": "entrance/reflection-probes/probe-008-processed-cubeuv-rgbe.png",
      "textureHeight": 128,
      "textureWidth": 336
    }
  ]
}